Student,Gender,KC1 ,KC2,Learned topics 1,KC2,KC3,Learned topics 2,KC3,KC4,Learned top 3,KC 4,KC 5,Learned topic 4,KC5,KC6,Learned topic 5,KC6,KC7,Learned topic 6,KC 7,KC 8,Learned topic 7,KC 8,KC 9,Learned topic 8,KC9,KC10,Learned topic 9,KC 10,KC 11,Learned topic 10,KC11,KC12,Learned topics 11,KC12,KC13,Learned topics 12,KC 13,KC 14,Learned topics 13,KC 14,KC 15,Learned topics 14,KC15,KC16,Learned topics 15,KC16,KC17,Learned topics 16,KC17,KC18,Learned topics 17,KC18,KC19,Learned topics 18,KC19,KC20,Learned topics 19,KC20,KC21,Learned topics 20,KC21,KC22,Learned topics 21,KC22,KC23,Learned topics 22,KC23,KC24,Learned topics 23,KC24,KC25,Learned topics 24,KC25,KC26,Learned topics 25,KC26,KC27,Learned topics 26,KC27,KC28,Learned topics 27,KC 28,KC 29,Learned topics 28,KC29,KC30,Learned topics 29
1,2,100,107,11,107,120,16,120,133,14,133,142,16,142,154,16,154,161,11,161,170,11,170,181,11,181,188,12,188,198,13,198,210,13,210,212,5,212,226,16,226,229,7,,,,,,,,,,,,,,,,,,,,,,,,,,,,,,,,,,,,,,,,,,,,,
2,1,31,40,20,40,50,20,50,57,15,57,68,16,68,70,12,70,89,28,89,101,20,101,113,20,113,125,20,125,130,10,130,147,28,,,,,,,,,,,,,,,,,,,,,,,,,,,,,,,,,,,,,,,,,,,,,,,,,,,,,,
3,2,12,25,20,25,33,20,33,47,19,47,60,20,60,75,20,75,93,22,93,95,14,95,111,22,111,122,21,122,145,32,145,156,24,156,161,21,161,183,32,,,,,,,,,,,,,,,,,,,,,,,,,,,,,,,,,,,,,,,,,,,,,,,,
4,2,29,40,13,40,51,14,51,62,10,62,78,18,78,87,12,87,100,19,100,98,4,98,104,19,104,114,14,114,126,15,126,128,8,128,137,13,137,139,14,139,143,10,143,149,11,149,158,16,158,165,18,165,176,19,176,179,11,,,,,,,,,,,,,,,,,,,,,,,,,,,,,,
5,1,83,90,10,90,99,12,99,108,11,108,113,13,113,125,15,125,133,9,133,143,11,143,155,17,155,166,15,166,177,15,177,184,15,184,193,14,193,199,9,199,209,10,209,218,12,218,229,15,,,,,,,,,,,,,,,,,,,,,,,,,,,,,,,,,,,,,,,
6,1,97,100,10,100,107,12,107,112,7,112,119,13,119,128,13,128,127,11,127,135,11,135,143,12,143,150,14,150,157,13,157,163,12,163,170,12,170,170,8,170,176,11,176,184,16,184,189,14,189,196,13,196,203,17,203,213,17,213,215,11,,,,,,,,,,,,,,,,,,,,,,,,,,,
7,2,78,89,17,89,102,18,102,109,17,109,117,18,117,127,26,127,138,33,138,151,26,151,159,16,159,169,13,169,169,9,169,182,17,182,194,17,194,196,12,196,201,7,201,207,15,207,211,8,211,215,6,215,220,15,220,222,13,222,226,11,226,225,7,225,224,8,224,231,8,,,,,,,,,,,,,,,,,,
8,2,13,22,10,22,31,16,31,44,16,44,53,13,53,61,16,61,75,15,75,86,13,86,92,8,92,106,24,106,128,24,128,131,15,131,143,7,143,152,7,,,,,,,,,,,,,,,,,,,,,,,,,,,,,,,,,,,,,,,,,,,,,,,,
9,2,64,69,10,69,80,12,80,84,10,84,91,19,91,93,10,93,109,16,109,127,21,127,142,16,142,149,13,149,155,11,155,164,16,164,173,12,173,176,10,,,,,,,,,,,,,,,,,,,,,,,,,,,,,,,,,,,,,,,,,,,,,,,,
10,2,35,51,17,51,59,12,59,75,18,75,89,14,89,94,10,94,99,11,99,108,10,108,111,11,111,114,10,114,117,8,117,121,12,121,121,8,121,123,7,123,127,12,127,130,10,130,135,10,135,136,12,136,145,10,145,148,10,148,154,14,154,158,10,,,,,,,,,,,,,,,,,,,,,,,,
11,1,20,43,20,43,59,18,59,70,14,70,75,10,75,87,14,87,104,21,104,116,16,116,128,19,128,134,11,134,150,21,150,158,15,158,162,7,,,,,,,,,,,,,,,,,,,,,,,,,,,,,,,,,,,,,,,,,,,,,,,,,,,
12,2,36,43,10,43,58,16,58,64,8,64,74,13,74,76,10,76,83,13,83,87,12,87,93,12,93,103,10,103,115,16,115,124,11,124,138,15,138,142,10,142,152,14,152,167,19,167,171,10,,,,,,,,,,,,,,,,,,,,,,,,,,,,,,,,,,,,,,,
13,2,21,31,19,31,35,16,35,37,8,37,40,13,40,45,8,45,45,6,45,62,21,62,64,11,64,62,8,62,66,17,66,67,9,67,68,20,,,,,,,,,,,,,,,,,,,,,,,,,,,,,,,,,,,,,,,,,,,,,,,,,,,
14,2,66,77,11,77,90,16,90,97,11,97,102,12,102,113,15,113,127,16,127,141,15,141,157,19,157,170,15,170,179,14,179,194,18,194,210,18,210,225,23,,,,,,,,,,,,,,,,,,,,,,,,,,,,,,,,,,,,,,,,,,,,,,,,
15,1,14,33,20,33,54,22,54,54,0,54,62,10,62,69,11,69,75,9,75,79,9,79,83,10,83,88,7,88,101,18,101,102,7,102,104,8,104,108,10,108,120,15,120,130,15,,,,,,,,,,,,,,,,,,,,,,,,,,,,,,,,,,,,,,,,,,
16,2,20,28,20,28,35,19,35,40,20,40,50,20,50,67,21,67,75,12,75,86,20,86,96,14,96,105,19,105,109,11,,,,,,,,,,,,,,,,,,,,,,,,,,,,,,,,,,,,,,,,,,,,,,,,,,,,,,,,,
17,1,50,71,13,71,76,10,76,80,10,80,90,10,90,97,9,97,102,11,102,103,8,103,116,19,116,121,14,121,132,16,132,139,9,139,146,10,159,163,10,163,171,13,171,175,7,175,180,9,180,186,14,186,190,9,,,,,,,,,,,,,,,,,,,,,,,,,,,,,,,,,
18,2,84,90,12,90,97,10,97,106,12,106,113,12,113,122,14,122,133,12,133,135,7,135,138,9,138,144,10,144,151,13,151,161,11,161,167,11,167,170,12,170,176,9,176,180,8,180,189,12,189,200,8,200,210,10,210,214,8,214,220,7,220,227,9,227,232,6,,,,,,,,,,,,,,,,,,,,,
19,1,47,62,21,62,78,20,78,89,13,89,99,16,99,111,17,111,132,27,132,134,7,134,144,27,,,,,,,,,,,,,,,,,,,,,,,,,,,,,,,,,,,,,,,,,,,,,,,,,,,,,,,,,,,,,,,
20,1,18,24,13,24,35,16,35,39,15,39,45,15,45,51,12,51,55,12,55,71,21,71,82,13,82,87,11,87,90,13,90,96,13,96,101,12,101,108,12,,,,,,,,,,,,,,,,,,,,,,,,,,,,,,,,,,,,,,,,,,,,,,,,
21,2,88,97,11,97,103,9,103,109,9,109,116,6,116,125,15,125,130,8,130,136,7,136,147,17,147,153,13,153,160,8,160,167,9,167,179,11,179,185,16,185,192,10,192,195,10,195,199,11,199,205,13,205,212,12,212,219,9,219,230,11,,,,,,,,,,,,,,,,,,,,,,,,,,,
22,1,26,40,20,40,49,20,49,58,18,58,64,18,64,79,20,79,99,20,99,103,16,103,117,18,117,126,17,126,141,28,,,,,,,,,,,,,,,,,,,,,,,,,,,,,,,,,,,,,,,,,,,,,,,,,,,,,,,,,
23,1,23,30,18,30,34,10,34,42,10,42,57,17,57,55,13,55,65,18,65,72,10,72,73,17,73,87,18,87,94,9,94,97,22,97,104,10,104,105,18,105,114,19,114,120,10,120,126,10,126,139,13,139,147,12,147,150,16,,,,,,,,,,,,,,,,,,,,,,,,,,,,,,
24,2,69,77,13,77,90,16,90,97,11,97,106,10,106,112,6,112,120,12,120,128,10,128,140,13,140,148,8,148,154,7,154,164,11,164,171,9,171,182,15,182,192,13,192,197,7,197,206,12,,,,,,,,,,,,,,,,,,,,,,,,,,,,,,,,,,,,,,,
25,2,22,25,15,25,29,12,29,33,10,33,42,12,42,49,10,49,51,13,51,53,10,53,54,16,54,55,10,55,65,16,65,73,10,73,81,15,81,86,11,86,91,12,91,99,12,99,109,15,109,108,12,,,,,,,,,,,,,,,,,,,,,,,,,,,,,,,,,,,,
26,2,18,30,10,30,39,11,39,49,10,49,56,10,56,65,10,65,73,14,73,82,11,82,90,8,90,98,10,98,104,9,104,110,10,110,118,10,118,121,10,121,123,11,123,133,11,133,140,12,140,145,8,145,147,9,147,156,13,156,163,11,163,170,10,170,178,10,178,189,10,189,195,10,195,205,13,205,208,7,208,214,10,214,222,10,222,231,11
27,2,30,45,23,45,67,23,67,81,21,81,97,20,97,104,20,104,119,28,119,133,19,133,149,20,,,,,,,,,,,,,,,,,,,,,,,,,,,,,,,,,,,,,,,,,,,,,,,,,,,,,,,,,,,,,,,
28,1,47,64,18,64,72,13,72,78,6,78,89,11,89,92,5,92,105,14,105,117,13,117,123,10,123,129,8,129,137,13,137,141,10,141,143,6,143,149,9,149,155,16,155,158,13,158,163,9,163,167,18,167,173,11,173,173,22,173,175,12,175,177,19,177,178,8,178,185,23,185,192,11,,,,,,,,,,,,,,,
29,2,18,35,19,35,43,11,43,47,12,47,52,13,52,52,12,52,63,17,63,85,23,85,96,11,96,95,13,95,110,20,,,,,,,,,,,,,,,,,,,,,,,,,,,,,,,,,,,,,,,,,,,,,,,,,,,,,,,,,
30,1,58,68,12,68,73,13,73,84,13,84,89,11,89,92,10,92,95,15,95,99,17,99,105,12,105,111,15,111,113,15,113,122,18,122,133,14,133,139,12,139,146,12,146,149,9,149,154,10,154,161,14,161,169,10,169,174,12,174,176,15,,,,,,,,,,,,,,,,,,,,,,,,,,,
31,2,29,46,20,46,57,20,57,68,20,68,82,20,82,93,17,93,101,10,101,111,20,111,129,23,129,147,25,147,159,20,,,,,,,,,,,,,,,,,,,,,,,,,,,,,,,,,,,,,,,,,,,,,,,,,,,,,,,,,
32,1,69,73,8,73,79,14,79,83,10,83,87,9,87,92,11,92,98,9,98,98,11,98,105,14,105,113,16,113,124,16,124,132,12,132,133,7,133,138,11,138,143,15,143,145,10,145,151,10,151,151,11,151,155,12,,,,,,,,,,,,,,,,,,,,,,,,,,,,,,,,,
33,2,16,27,16,27,33,12,33,35,14,35,44,16,44,50,10,50,58,14,58,68,14,68,73,8,73,93,24,93,98,8,98,115,19,115,120,8,120,133,16,133,142,22,142,163,27,163,189,47,189,191,15,,,,,,,,,,,,,,,,,,,,,,,,,,,,,,,,,,,,
34,2,17,26,15,26,33,15,33,38,12,38,43,12,43,58,17,58,65,12,65,71,10,71,81,11,81,83,15,,,,,,,,,,,,,,,,,,,,,,,,,,,,,,,,,,,,,,,,,,,,,,,,,,,,,,,,,,,,
35,1,10,14,12,14,22,10,22,27,14,27,33,13,33,44,20,44,49,10,49,61,14,61,78,18,78,87,11,87,83,8,83,90,11,90,99,10,99,105,13,105,111,11,111,123,19,123,124,13,124,138,19,,,,,,,,,,,,,,,,,,,,,,,,,,,,,,,,,,,,
36,1,15,22,11,22,28,19,28,37,11,37,37,11,37,39,12,39,41,10,41,45,11,45,64,20,64,66,22,66,78,13,78,88,18,88,94,17,94,92,11,92,101,22,101,109,20,109,116,21,116,124,17,124,139,17,139,141,12,141,147,13,147,154,10,154,158,16,158,162,13,162,166,10,166,171,14,171,175,13,,,,,,,,,
37,2,66,76,16,76,89,19,89,103,17,103,104,11,104,124,20,124,129,14,,,,,,,,,,,,,,,,,,,,,,,,,,,,,,,,,,,,,,,,,,,,,,,,,,,,,,,,,,,,,,,,,,,,,
38,1,44,48,1,48,56,10,56,62,10,62,77,19,77,83,10,83,94,11,94,107,12,107,118,16,118,124,9,124,128,0,128,138,10,138,144,6,144,157,14,157,159,9,,,,,,,,,,,,,,,,,,,,,,,,,,,,,,,,,,,,,,,,,,,,,
39,2,84,94,11,94,102,14,102,115,16,115,126,13,126,134,10,134,141,8,141,151,10,151,162,11,162,175,13,175,180,11,180,181,7,181,189,16,189,196,11,196,198,7,,,,,,,,,,,,,,,,,,,,,,,,,,,,,,,,,,,,,,,,,,,,,
40,1,85,87,10,87,91,10,91,95,12,95,104,16,104,113,20,113,126,19,126,132,16,132,138,12,138,149,20,149,160,20,160,172,19,,,,,,,,,,,,,,,,,,,,,,,,,,,,,,,,,,,,,,,,,,,,,,,,,,,,,,
41,1,35,38,15,38,45,12,45,53,10,53,59,12,59,64,13,64,71,13,71,76,11,76,81,10,81,82,12,82,86,11,86,94,10,94,98,7,98,106,9,106,113,10,113,119,10,119,124,8,124,129,8,129,133,8,133,139,10,139,145,10,145,149,7,149,156,10,156,164,11,164,170,13,170,179,11,179,187,10,187,189,8,189,194,8,194,200,10
42,1,14,32,44,32,56,39,56,55,28,55,55,23,55,66,19,66,86,28,86,88,15,88,100,17,100,108,20,108,111,12,111,111,19,111,111,19,111,120,19,120,131,20,131,140,21,140,151,22,151,156,21,156,165,20,165,168,25,,,,,,,,,,,,,,,,,,,,,,,,,,,,,,
43,1,35,46,13,46,55,12,55,62,15,62,65,12,65,71,15,71,79,11,87,98,14,98,104,7,104,118,18,118,123,8,123,137,19,137,147,17,147,156,19,156,165,13,165,176,10,176,182,10,182,184,9,184,194,14,194,197,13,197,204,11,,,,,,,,,,,,,,,,,,,,,,,,,,,
44,2,23,31,16,31,38,11,38,41,10,41,47,11,47,54,12,54,64,13,64,63,12,63,63,10,63,67,11,67,71,18,71,72,29,72,73,29,73,76,28,76,79,10,79,90,11,90,100,10,100,104,13,104,106,11,106,104,10,104,104,14,104,107,11,,,,,,,,,,,,,,,,,,,,,,,,
45,1,13,17,12,17,24,14,24,28,11,28,33,15,33,40,11,40,53,18,53,66,23,66,76,16,76,76,10,76,77,13,77,81,11,81,82,13,82,88,25,88,100,14,100,111,13,111,117,11,117,125,14,125,129,10,129,131,11,131,138,10,138,140,13,140,150,24,150,154,10,154,162,10,162,164,13,164,168,10,168,172,15,,,,,,
46,1,57,74,20,74,87,17,87,93,14,93,105,14,105,119,20,119,134,21,134,148,26,148,166,25,166,186,20,186,189,11,,,,,,,,,,,,,,,,,,,,,,,,,,,,,,,,,,,,,,,,,,,,,,,,,,,,,,,,,
47,1,22,32,15,32,40,11,40,52,15,52,61,12,61,69,10,69,71,10,71,75,8,75,83,9,83,89,10,89,98,10,98,99,3,99,107,10,107,115,10,115,122,9,122,130,11,130,134,10,134,137,10,137,140,9,140,142,10,,,,,,,,,,,,,,,,,,,,,,,,,,,,,,
48,2,29,35,15,35,47,21,47,55,20,55,62,8,62,69,7,69,74,8,74,82,12,82,89,10,89,97,9,97,103,7,,,,,,,,,,,,,,,,,,,,,,,,,,,,,,,,,,,,,,,,,,,,,,,,,,,,,,,,,
49,2,58,62,20,62,71,20,71,83,20,83,99,22,99,103,18,103,120,21,120,129,19,,,,,,,,,,,,,,,,,,,,,,,,,,,,,,,,,,,,,,,,,,,,,,,,,,,,,,,,,,,,,,,,,,
50,1,20,27,10,27,33,10,33,40,10,40,38,3,38,57,20,57,72,17,72,92,23,92,83,1,83,89,14,89,102,14,102,119,20,119,127,16,127,129,12,129,143,23,143,157,20,157,165,10,165,172,14,172,180,13,180,189,16,189,199,13,,,,,,,,,,,,,,,,,,,,,,,,,,,
51,1,62,75,21,75,90,20,90,101,15,101,117,24,117,120,9,120,128,23,128,133,16,133,149,19,149,162,16,162,174,20,174,185,20,185,195,13,,,,,,,,,,,,,,,,,,,,,,,,,,,,,,,,,,,,,,,,,,,,,,,,,,,
52,1,67,79,20,79,102,30,102,108,20,108,112,20,112,115,0,115,131,26,131,143,30,143,148,21,148,157,25,157,161,21,161,161,0,161,166,12,166,174,9,174,180,9,180,186,16,186,205,41,,,,,,,,,,,,,,,,,,,,,,,,,,,,,,,,,,,,,,,
53,2,19,31,14,31,40,10,40,45,13,45,57,18,57,59,12,59,63,11,63,68,13,68,74,11,74,77,11,77,81,7,81,92,13,92,100,12,100,111,14,111,121,7,121,123,10,123,120,6,120,122,2,122,133,8,133,130,3,130,135,13,,,,,,,,,,,,,,,,,,,,,,,,,,,
54,2,60,67,7,67,72,12,72,74,0,74,78,11,78,82,11,82,83,4,83,83,3,83,84,9,84,92,13,92,96,12,96,101,11,101,107,12,107,111,12,111,115,11,115,117,16,117,123,10,123,133,12,133,137,9,137,141,15,,,,,,,,,,,,,,,,,,,,,,,,,,,,,,
55,2,38,43,11,43,50,10,50,53,8,53,56,10,56,61,11,61,69,11,69,79,13,79,86,10,86,97,13,97,97,4,97,107,16,107,118,10,118,119,10,119,122,12,122,131,13,131,133,9,,,,,,,,,,,,,,,,,,,,,,,,,,,,,,,,,,,,,,,
56,1,12,19,14,19,28,13,28,38,14,38,57,20,57,77,22,77,81,18,81,96,14,,,,,,,,,,,,,,,,,,,,,,,,,,,,,,,,,,,,,,,,,,,,,,,,,,,,,,,,,,,,,,,,,,
57,2,85,108,24,108,116,12,116,127,20,127,142,19,142,161,23,161,170,15,170,177,11,177,194,23,,,,,,,,,,,,,,,,,,,,,,,,,,,,,,,,,,,,,,,,,,,,,,,,,,,,,,,,,,,,,,,
58,2,41,51,16,51,55,10,55,66,12,66,67,10,67,77,10,77,84,8,84,101,17,101,105,8,105,109,9,109,115,8,115,133,19,133,140,8,,,,,,,,,,,,,,,,,,,,,,,,,,,,,,,,,,,,,,,,,,,,,,,,,,,
59,1,18,35,34,35,44,13,44,48,10,48,59,12,59,67,12,67,76,11,76,83,10,83,85,10,85,89,9,89,91,10,91,104,13,104,108,24,108,117,16,117,124,9,124,134,11,134,141,13,141,152,19,,,,,,,,,,,,,,,,,,,,,,,,,,,,,,,,,,,,
60,2,45,61,16,61,74,24,74,101,30,101,108,20,108,137,32,137,155,23,155,169,20,169,178,13,178,191,20,191,207,25,207,227,26,,,,,,,,,,,,,,,,,,,,,,,,,,,,,,,,,,,,,,,,,,,,,,,,,,,,,,
61,2,18,26,11,26,31,10,31,37,10,37,43,16,43,47,11,47,48,11,48,49,18,49,60,20,60,76,19,76,79,21,79,90,15,90,88,11,88,91,11,91,95,11,95,99,12,99,109,11,,,,,,,,,,,,,,,,,,,,,,,,,,,,,,,,,,,,,,,
62,1,37,46,11,46,53,10,53,62,11,62,71,13,71,84,17,84,92,12,92,95,15,95,103,19,103,112,11,112,119,11,119,128,15,128,140,19,140,157,20,,,,,,,,,,,,,,,,,,,,,,,,,,,,,,,,,,,,,,,,,,,,,,,,
63,1,40,45,10,45,56,11,56,55,3,55,57,4,57,58,5,58,63,12,63,64,10,64,67,12,67,69,17,69,78,19,78,88,14,88,90,11,90,96,17,96,104,14,104,114,16,114,115,9,115,117,10,117,117,8,117,120,12,120,130,17,130,140,12,,,,,,,,,,,,,,,,,,,,,,,,
64,1,39,43,12,43,46,12,46,57,13,57,64,13,64,75,20,75,80,16,80,84,15,84,92,15,92,110,25,110,120,17,120,119,15,119,127,16,127,132,13,132,139,12,139,149,19,149,152,10,152,155,12,,,,,,,,,,,,,,,,,,,,,,,,,,,,,,,,,,,,
65,2,74,90,20,90,100,14,100,114,18,114,121,13,121,136,26,136,156,21,156,167,13,167,171,13,171,181,16,181,189,14,189,200,14,200,213,14,213,228,20,,,,,,,,,,,,,,,,,,,,,,,,,,,,,,,,,,,,,,,,,,,,,,,,
66,2,13,30,21,30,36,16,36,50,16,50,74,25,74,88,22,88,106,22,106,116,28,,,,,,,,,,,,,,,,,,,,,,,,,,,,,,,,,,,,,,,,,,,,,,,,,,,,,,,,,,,,,,,,,,
67,2,80,85,10,85,93,11,93,102,12,102,109,9,109,116,8,116,127,12,127,134,9,134,140,8,140,146,9,146,158,16,158,161,9,161,176,17,176,183,10,183,189,17,189,196,10,196,200,6,200,201,6,201,204,7,204,219,20,219,227,14,,,,,,,,,,,,,,,,,,,,,,,,,,,
68,2,53,67,21,67,86,23,86,105,21,105,119,17,119,136,22,136,154,29,154,172,19,,,,,,,,,,,,,,,,,,,,,,,,,,,,,,,,,,,,,,,,,,,,,,,,,,,,,,,,,,,,,,,,,,
69,2,28,38,16,38,47,11,47,59,26,59,72,14,72,77,16,77,97,21,97,113,21,113,115,12,115,116,14,116,131,19,131,135,7,135,147,21,147,154,8,154,160,10,160,171,10,171,179,13,179,187,10,187,194,13,194,200,11,,,,,,,,,,,,,,,,,,,,,,,,,,,,,,
70,2,79,85,10,85,93,10,93,99,12,99,108,10,108,130,25,130,150,20,150,155,15,155,166,13,166,169,10,169,181,13,181,190,11,190,208,19,208,223,19,223,228,10,,,,,,,,,,,,,,,,,,,,,,,,,,,,,,,,,,,,,,,,,,,,,
71,2,23,35,20,35,58,28,58,79,21,79,88,17,88,100,20,100,105,17,105,114,17,114,116,19,116,131,20,131,150,25,150,155,15,155,166,20,,,,,,,,,,,,,,,,,,,,,,,,,,,,,,,,,,,,,,,,,,,,,,,,,,,
72,1,78,86,11,86,98,11,98,102,13,102,106,12,106,116,13,116,124,11,124,129,12,129,136,13,136,143,9,143,145,4,145,146,4,146,157,11,157,166,12,166,176,12,176,183,13,183,192,11,192,192,9,192,201,13,,,,,,,,,,,,,,,,,,,,,,,,,,,,,,,,,
73,2,29,30,14,30,38,20,38,46,15,46,52,13,52,68,19,68,75,12,75,83,12,83,94,16,94,105,15,105,108,13,,,,,,,,,,,,,,,,,,,,,,,,,,,,,,,,,,,,,,,,,,,,,,,,,,,,,,,,,
74,2,21,27,14,27,48,25,48,51,21,51,57,21,57,70,20,70,74,15,74,79,14,79,100,22,100,105,16,105,106,13,106,109,13,109,117,14,,,,,,,,,,,,,,,,,,,,,,,,,,,,,,,,,,,,,,,,,,,,,,,,,,,
75,2,40,51,20,51,65,19,65,75,13,75,88,15,88,93,14,93,107,19,107,118,18,118,136,20,136,154,19,154,167,16,,,,,,,,,,,,,,,,,,,,,,,,,,,,,,,,,,,,,,,,,,,,,,,,,,,,,,,,,
76,2,66,84,20,84,107,25,107,124,21,124,137,16,137,148,21,148,163,20,163,177,20,177,187,21,,,,,,,,,,,,,,,,,,,,,,,,,,,,,,,,,,,,,,,,,,,,,,,,,,,,,,,,,,,,,,,
77,2,40,44,11,44,46,11,46,53,12,53,61,21,61,77,20,77,85,11,85,100,17,100,109,10,109,121,12,121,121,14,121,123,14,123,127,14,127,132,9,,,,,,,,,,,,,,,,,,,,,,,,,,,,,,,,,,,,,,,,,,,,,,,,
78,2,36,45,12,45,54,15,54,59,10,59,59,14,59,64,12,64,66,10,66,74,12,74,77,16,,77,78,13,78,85,14,85,93,13,93,98,17,98,101,20,101,110,12,110,123,23,123,124,16,124,140,20,140,147,17,147,148,12,148,149,15,149,157,16,157,166,11,166,171,14,,,,,,,,,,,,,,,,,
79,2,39,49,13,49,52,10,52,55,16,55,71,20,71,84,16,84,90,14,90,89,11,89,98,16,98,107,18,,,,,,,,,,,,,,,,,,,,,,,,,,,,,,,,,,,,,,,,,,,,,,,,,,,,,,,,,,,,
80,1,31,63,39,63,65,13,65,83,19,83,96,16,96,103,14,103,111,10,111,115,12,115,117,11,117,121,10,121,130,13,130,133,10,133,131,0,131,139,13,139,148,11,148,156,11,156,163,10,163,166,11,166,172,10,172,171,12,171,177,9,177,180,11,180,188,11,188,193,10,193,199,10,199,204,9,204,208,10,208,219,15,,,,,,
81,1,76,85,20,85,101,26,101,107,20,107,137,35,137,155,23,155,158,22,158,172,21,172,180,22,180,205,31,205,223,28,,,,,,,,,,,,,,,,,,,,,,,,,,,,,,,,,,,,,,,,,,,,,,,,,,,,,,,,,
82,1,65,79,20,79,89,27,89,102,18,102,118,20,118,138,21,138,151,20,151,166,20,,,,,,,,,,,,,,,,,,,,,,,,,,,,,,,,,,,,,,,,,,,,,,,,,,,,,,,,,,,,,,,,,,
83,2,35,51,16,51,61,21,61,65,14,65,71,12,71,75,7,75,76,4,76,80,8,80,84,9,84,86,4,86,82,5,82,84,10,84,85,7,,,,,,,,,,,,,,,,,,,,,,,,,,,,,,,,,,,,,,,,,,,,,,,,,,,
84,1,53,56,10,56,61,10,61,68,11,68,71,11,71,73,10,73,81,12,81,90,13,90,95,8,95,98,8,98,102,7,102,111,11,111,122,10,122,129,10,129,137,10,137,141,6,141,150,12,150,155,10,155,164,12,164,167,10,167,168,10,168,172,9,172,174,11,174,174,11,174,182,12,182,187,10,,,,,,,,,,,,
85,2,53,67,20,67,75,17,75,86,13,86,88,11,88,102,18,102,106,8,106,122,21,122,133,17,133,156,29,156,164,13,164,171,17,,,,,,,,,,,,,,,,,,,,,,,,,,,,,,,,,,,,,,,,,,,,,,,,,,,,,,
86,2,47,57,16,57,67,12,67,82,15,82,93,14,93,96,12,96,108,17,108,117,14,117,125,4,125,137,11,137,141,5,141,145,1,145,150,9,150,159,10,159,161,5,161,163,3,163,169,7,169,175,9,175,177,9,177,179,7,179,180,4,180,185,8,,,,,,,,,,,,,,,,,,,,,,,,
87,1,92,98,9,98,101,10,101,112,12,112,123,13,123,123,8,123,130,13,130,134,11,134,139,11,139,145,9,145,144,3,144,152,13,152,162,15,162,168,7,168,176,8,176,185,7,185,206,21,206,220,14,220,228,13,,,,,,,,,,,,,,,,,,,,,,,,,,,,,,,,,
88,1,50,65,22,65,75,16,75,86,16,86,96,15,96,102,11,102,115,20,115,119,20,119,132,17,132,137,10,137,151,18,,,,,,,,,,,,,,,,,,,,,,,,,,,,,,,,,,,,,,,,,,,,,,,,,,,,,,,,,
89,2,86,94,13,94,103,10,103,112,14,112,123,10,123,131,10,131,146,17,146,158,19,158,166,12,166,174,13,174,179,10,179,185,13,185,192,10,192,194,6,194,206,15,206,218,15,218,226,15,226,226,3,,,,,,,,,,,,,,,,,,,,,,,,,,,,,,,,,,,,
90,2,10,19,15,19,24,10,24,28,11,28,34,16,34,46,17,46,49,19,49,52,20,52,55,12,55,59,13,59,66,14,66,67,10,67,84,18,84,95,12,95,111,17,111,123,14,123,128,9,128,138,13,138,142,16,142,150,15,150,156,14,156,166,15,166,178,20,178,185,12,,,,,,,,,,,,,,,,,,
91,2,40,54,19,54,68,20,68,73,9,73,79,10,79,81,6,81,84,8,84,91,20,91,97,11,97,105,14,105,109,14,109,115,12,115,115,7,115,117,11,117,119,17,119,126,19,,,,,,,,,,,,,,,,,,,,,,,,,,,,,,,,,,,,,,,,,,
92,2,56,65,18,65,79,16,79,82,8,82,80,6,80,85,7,85,85,6,85,88,7,88,90,8,90,94,18,94,102,11,102,106,6,106,110,9,110,115,12,115,124,13,124,128,14,128,137,11,137,139,16,139,156,19,156,176,24,176,178,13,178,190,14,190,190,9,190,201,29,,,,,,,,,,,,,,,,,,
93,2,83,90,14,90,107,20,107,116,6,116,119,8,119,123,5,123,127,7,127,139,13,139,140,10,140,146,12,146,153,7,153,159,8,159,171,13,171,177,10,177,183,11,183,195,14,195,203,13,203,214,9,214,230,18,,,,,,,,,,,,,,,,,,,,,,,,,,,,,,,,,
94,2,22,39,19,39,46,14,46,50,14,50,63,13,63,64,6,64,77,15,77,81,8,81,100,19,100,118,20,118,127,14,127,148,27,148,161,18,161,174,17,174,186,15,186,195,10,195,208,14,208,223,20,,,,,,,,,,,,,,,,,,,,,,,,,,,,,,,,,,,,
95,2,44,44,20,44,53,32,53,61,26,61,75,19,75,79,10,79,95,18,95,96,11,96,106,17,106,124,34,124,141,40,141,153,16,153,164,19,164,174,12,174,185,19,185,198,16,198,211,17,211,214,9,,,,,,,,,,,,,,,,,,,,,,,,,,,,,,,,,,,,
96,1,56,64,20,64,75,20,75,88,22,88,104,20,104,111,16,111,124,27,124,130,22,130,150,24,150,159,17,159,173,17,173,176,20,176,188,18,188,197,14,197,207,14,,,,,,,,,,,,,,,,,,,,,,,,,,,,,,,,,,,,,,,,,,,,,
97,2,54,61,16,61,72,15,72,80,15,80,87,8,87,103,17,103,109,6,109,119,12,119,134,21,134,148,15,148,160,17,160,166,9,166,167,10,167,175,9,175,180,8,180,184,7,184,189,9,,,,,,,,,,,,,,,,,,,,,,,,,,,,,,,,,,,,,,,
98,2,24,43,22,43,54,20,54,58,20,58,81,24,81,104,20,104,116,14,116,129,18,129,130,7,130,150,32,150,162,14,162,166,10,,,,,,,,,,,,,,,,,,,,,,,,,,,,,,,,,,,,,,,,,,,,,,,,,,,,,,
99,1,68,80,17,80,94,16,94,106,15,106,112,12,112,125,14,125,132,10,132,141,10,141,150,10,150,158,10,158,168,10,168,175,10,175,185,10,185,189,6,189,196,10,,,,,,,,,,,,,,,,,,,,,,,,,,,,,,,,,,,,,,,,,,,,,
100,1,57,68,14,68,79,12,79,86,15,86,92,11,92,97,11,97,108,13,108,115,12,115,123,17,123,129,11,129,138,14,138,146,11,146,151,8,151,157,10,157,167,12,167,171,11,171,173,10,173,181,10,181,183,9,183,184,9,184,188,8,188,196,10,196,202,9,202,208,13,208,218,12,,,,,,,,,,,,,,,
101,2,38,52,21,52,59,14,59,82,24,82,98,18,98,103,10,103,119,19,119,131,15,,,,,,,,,,,,,,,,,,,,,,,,,,,,,,,,,,,,,,,,,,,,,,,,,,,,,,,,,,,,,,,,,,
102,2,16,36,23,36,50,22,50,63,21,63,79,20,79,88,16,88,95,12,95,102,12,102,118,20,118,122,17,122,139,21,139,149,17,149,157,20,157,170,20,,,,,,,,,,,,,,,,,,,,,,,,,,,,,,,,,,,,,,,,,,,,,,,,
103,2,35,47,13,47,58,11,58,71,14,71,81,13,81,85,10,85,93,11,93,102,13,102,112,12,112,122,10,122,121,12,121,127,10,127,133,8,133,144,13,144,154,11,154,162,12,162,172,14,172,177,12,177,183,13,,,,,,,,,,,,,,,,,,,,,,,,,,,,,,,,,
104,2,71,85,20,85,100,19,100,116,20,116,137,21,137,151,20,151,160,20,160,173,20,173,182,23,182,201,36,,,,,,,,,,,,,,,,,,,,,,,,,,,,,,,,,,,,,,,,,,,,,,,,,,,,,,,,,,,,
105,2,14,24,16,24,28,18,28,30,23,30,40,17,40,39,10,39,47,13,47,58,18,58,69,13,69,70,4,70,78,13,78,77,8,77,83,8,83,90,12,90,89,7,,,,,,,,,,,,,,,,,,,,,,,,,,,,,,,,,,,,,,,,,,,,,
106,1,2,9,20,9,16,21,16,37,26,37,54,20,54,70,20,70,79,13,79,78,15,78,91,20,91,93,15,93,97,7,97,105,14,105,125,25,125,121,6,,,,,,,,,,,,,,,,,,,,,,,,,,,,,,,,,,,,,,,,,,,,,,,,
107,1,12,27,20,27,34,15,34,42,14,42,49,16,49,69,20,69,94,28,94,102,23,102,109,29,109,126,19,126,142,26,,,,,,,,,,,,,,,,,,,,,,,,,,,,,,,,,,,,,,,,,,,,,,,,,,,,,,,,,
108,1,25,40,25,40,54,23,54,75,21,75,98,24,98,112,17,112,129,22,129,153,26,153,172,20,172,182,21,,,,,,,,,,,,,,,,,,,,,,,,,,,,,,,,,,,,,,,,,,,,,,,,,,,,,,,,,,,,
109,1,9,15,23,15,33,23,33,43,20,43,61,20,61,67,11,67,79,14,79,80,15,80,85,15,85,88,8,,,,,,,,,,,,,,,,,,,,,,,,,,,,,,,,,,,,,,,,,,,,,,,,,,,,,,,,,,,,
110,1,45,63,20,63,78,20,78,86,12,86,96,15,96,110,19,110,115,12,131,141,22,141,153,20,,,,,,,,,,,,,,,,,,,,,,,,,,,,,,,,,,,,,,,,,,,,,,,,,,,,,,,,,,,,,,,
111,2,36,41,10,41,45,10,45,49,14,49,54,10,54,60,10,60,66,15,66,68,12,68,72,13,72,69,6,69,78,12,78,80,6,80,79,5,79,98,21,98,96,7,96,108,16,108,108,11,108,117,11,117,124,10,124,128,14,128,142,25,142,150,30,150,160,16,160,163,10,163,176,14,176,174,14,174,177,12,177,174,10,,,,,,
112,2,67,79,18,79,87,11,87,94,10,94,107,14,107,110,10,110,124,15,124,131,11,131,148,20,148,157,10,157,167,12,167,174,12,174,184,15,184,193,12,193,199,10,199,201,9,201,210,11,210,216,11,216,228,17,,,,,,,,,,,,,,,,,,,,,,,,,,,,,,,,,
113,2,58,73,20,73,89,20,89,95,17,95,108,15,108,115,11,115,124,16,124,138,26,138,144,21,144,159,24,159,171,27,171,191,33,191,206,21,,,,,,,,,,,,,,,,,,,,,,,,,,,,,,,,,,,,,,,,,,,,,,,,,,,
114,1,5,6,14,9,13,10,13,15,11,15,18,32,18,48,32,48,52,20,52,72,25,72,85,24,85,88,14,88,91,15,91,93,10,93,99,11,99,110,30,,,,,,,,,,,,,,,,,,,,,,,,,,,,,,,,,,,,,,,,,,,,,,,,
115,2,17,33,28,33,41,13,41,45,12,45,52,11,52,59,14,59,67,13,67,77,15,77,77,11,77,80,11,80,85,18,85,97,15,97,51,39,51,74,33,74,89,16,89,97,20,97,113,17,113,129,16,129,138,11,138,145,8,145,159,19,159,166,12,,,,,,,,,,,,,,,,,,,,,,,,
116,2,27,42,20,42,43,12,43,57,28,57,62,20,62,74,20,74,77,19,77,76,9,76,94,26,94,111,21,111,113,9,113,118,11,118,118,4,118,128,17,128,128,21,,,,,,,,,,,,,,,,,,,,,,,,,,,,,,,,,,,,,,,,,,,,,
117,2,16,23,19,23,29,20,29,35,15,35,44,19,44,60,21,60,71,11,71,81,11,81,81,5,81,95,20,95,102,15,102,113,16,,,,,,,,,,,,,,,,,,,,,,,,,,,,,,,,,,,,,,,,,,,,,,,,,,,,,,
118,2,21,30,11,30,34,11,34,44,13,44,55,10,55,59,5,59,63,4,63,67,4,67,75,5,75,77,6,77,82,5,82,86,5,86,87,3,87,91,9,91,101,12,101,103,4,,,,,,,,,,,,,,,,,,,,,,,,,,,,,,,,,,,,,,,,,,
119,1,61,69,12,69,78,11,78,88,13,88,91,13,91,106,20,106,111,10,111,118,12,118,121,10,121,127,10,127,130,14,130,143,18,143,155,13,155,156,4,156,164,13,164,170,10,170,179,11,179,191,18,,,,,,,,,,,,,,,,,,,,,,,,,,,,,,,,,,,,
120,1,16,25,11,25,40,20,40,58,20,58,78,20,78,84,14,84,89,15,89,108,21,108,127,21,127,138,24,138,145,11,145,162,20,162,178,24,,,,,,,,,,,,,,,,,,,,,,,,,,,,,,,,,,,,,,,,,,,,,,,,,,,
121,1,38,52,16,52,61,12,61,69,15,69,74,12,74,76,10,76,77,10,77,81,11,81,91,12,91,93,6,93,98,9,98,110,14,110,124,19,,,,,,,,,,,,,,,,,,,,,,,,,,,,,,,,,,,,,,,,,,,,,,,,,,,
122,1,29,37,42,37,54,28,54,54,15,54,60,19,60,79,22,79,95,19,95,111,20,111,128,22,128,146,31,146,158,20,158,165,14,,,,,,,,,,,,,,,,,,,,,,,,,,,,,,,,,,,,,,,,,,,,,,,,,,,,,,
123,1,84,94,17,94,106,15,106,119,15,119,131,17,131,154,29,154,170,18,170,181,17,181,189,22,189,202,16,202,226,31,226,230,7,,,,,,,,,,,,,,,,,,,,,,,,,,,,,,,,,,,,,,,,,,,,,,,,,,,,,,
124,1,26,39,14,39,49,13,49,58,11,58,67,15,67,81,16,81,89,14,89,94,9,94,101,12,101,118,20,118,122,13,122,139,30,139,150,20,150,157,20,157,161,10,161,169,12,169,169,10,169,177,13,177,181,13,,,,,,,,,,,,,,,,,,,,,,,,,,,,,,,,,
125,1,13,31,20,31,41,20,41,50,20,50,54,18,54,58,20,58,73,20,73,73,16,73,92,21,92,92,8,92,97,11,97,106,9,106,109,11,109,115,14,115,124,11,,,,,,,,,,,,,,,,,,,,,,,,,,,,,,,,,,,,,,,,,,,,,
126,2,58,63,10,63,72,11,72,84,14,84,87,15,87,106,21,106,108,15,108,126,20,126,133,15,133,149,19,149,156,16,156,167,19,,,,,,,,,,,,,,,,,,,,,,,,,,,,,,,,,,,,,,,,,,,,,,,,,,,,,,
127,2,46,78,40,78,83,10,83,92,19,92,93,9,93,100,15,100,102,11,102,112,17,112,114,10,114,122,11,122,129,13,129,149,24,149,160,14,160,169,11,169,175,11,175,186,21,186,190,13,190,190,9,,,,,,,,,,,,,,,,,,,,,,,,,,,,,,,,,,,,
128,2,17,22,11,22,25,12,25,28,12,28,29,12,29,33,11,33,35,14,35,40,15,40,42,27,42,45,16,45,46,16,46,47,11,47,61,21,61,65,16,65,68,17,68,71,12,71,77,11,77,87,20,87,91,14,91,102,15,102,105,12,105,108,12,108,115,15,115,127,14,127,134,7,,,,,,,,,,,,,,,
129,1,33,42,13,42,47,14,47,59,13,59,67,12,67,75,13,75,87,12,87,95,12,95,98,12,98,101,12,101,108,10,108,113,11,113,123,13,123,136,13,136,141,5,141,153,13,153,160,11,160,168,12,,,,,,,,,,,,,,,,,,,,,,,,,,,,,,,,,,,,
130,2,31,36,12,36,45,16,45,52,12,52,59,10,59,65,11,65,72,11,72,74,12,74,79,10,79,83,12,83,88,11,88,91,10,91,94,10,94,96,10,96,105,13,105,104,9,104,106,10,106,115,13,115,120,10,,,,,,,,,,,,,,,,,,,,,,,,,,,,,,,,,
131,2,34,43,14,43,47,12,47,61,14,61,67,13,67,75,14,75,80,17,80,92,20,92,99,18,99,110,15,110,114,18,114,126,20,126,132,12,,,,,,,,,,,,,,,,,,,,,,,,,,,,,,,,,,,,,,,,,,,,,,,,,,,
132,1,25,34,13,34,44,17,44,49,10,49,58,11,58,59,10,59,66,11,66,74,12,74,82,10,82,90,11,90,93,17,93,97,15,97,107,13,107,116,11,116,120,11,120,125,3,125,127,9,,,,,,,,,,,,,,,,,,,,,,,,,,,,,,,,,,,,,,,
133,2,59,65,14,65,74,19,74,78,11,78,90,14,90,97,13,97,105,15,105,111,13,111,122,12,122,126,10,126,132,16,132,135,111,135,146,15,146,152,11,152,162,16,162,172,12,172,178,12,178,183,17,183,191,12,191,200,11,200,202,6,202,213,14,213,216,11,,,,,,,,,,,,,,,,,,,,,
134,2,22,24,10,24,27,13,27,31,10,31,31,10,31,34,11,34,35,12,35,40,12,40,46,14,46,48,11,48,49,10,49,51,13,51,54,10,54,54,10,54,57,10,57,59,11,59,60,10,60,60,11,60,62,10,62,64,10,64,69,13,69,77,20,77,86,14,86,96,20,,,,,,,,,,,,,,,,,,
135,2,40,52,18,52,65,17,65,76,14,76,81,22,81,93,14,93,95,5,95,101,7,101,106,7,114,119,7,119,136,18,136,143,7,143,149,8,149,155,13,155,164,16,164,170,8,170,186,16,186,190,11,190,188,6,188,190,6,,,,,,,,,,,,,,,,,,,,,,,,,,,,,,
136,1,17,25,13,25,30,7,30,35,10,35,41,25,41,49,14,49,53,14,53,59,13,59,64,15,64,76,12,76,84,7,84,91,7,91,100,15,100,105,11,105,113,11,113,114,9,,,,,,,,,,,,,,,,,,,,,,,,,,,,,,,,,,,,,,,,,,
137,2,6,10,15,10,12,10,12,13,11,13,16,9,16,18,10,18,18,7,18,19,14,19,26,10,26,31,10,31,39,10,39,46,9,46,53,13,53,52,4,52,68,18,68,73,7,73,78,10,78,81,8,81,89,13,89,91,10,,,,,,,,,,,,,,,,,,,,,,,,,,,,,,
138,2,35,45,16,45,55,13,55,59,12,59,69,13,69,78,13,78,83,8,83,91,11,91,98,8,98,106,13,106,109,7,109,121,18,121,136,16,136,142,6,142,150,10,150,157,10,157,164,13,164,178,19,178,182,16,182,191,11,,,,,,,,,,,,,,,,,,,,,,,,,,,,,,
139,2,39,46,10,46,55,16,55,59,11,59,69,11,69,74,13,74,77,10,77,85,17,58,91,13,91,101,12,101,101,3,101,108,10,108,115,11,115,117,8,117,125,10,125,132,11,132,138,10,138,144,10,144,148,11,148,154,10,154,161,10,161,169,14,169,173,9,173,176,11,176,177,16,177,188,16,188,194,11,194,196,10,196,202,10,202,208,9
140,2,53,56,14,56,67,12,67,75,12,75,85,12,85,96,14,96,108,13,108,112,7,112,124,14,124,136,12,136,138,8,138,153,16,153,164,14,164,178,15,178,193,16,193,195,12,195,208,15,208,225,18,,,,,,,,,,,,,,,,,,,,,,,,,,,,,,,,,,,,
141,1,46,56,13,56,62,9,62,70,9,70,75,9,75,79,10,79,81,3,81,82,10,82,88,11,88,99,11,99,108,11,108,118,11,118,123,9,123,132,11,132,138,10,,,,,,,,,,,,,,,,,,,,,,,,,,,,,,,,,,,,,,,,,,,,,
142,1,63,74,12,74,76,7,76,82,10,82,88,13,88,94,10,94,97,6,97,102,10,102,109,13,109,127,21,127,130,10,130,138,14,138,143,13,143,151,11,151,160,13,160,169,16,169,177,10,177,185,11,185,190,8,190,191,6,191,195,14,195,203,10,203,207,11,207,228,22,,,,,,,,,,,,,,,,,,
143,1,48,55,25,55,68,20,68,83,20,83,89,11,89,97,11,97,101,9,101,111,18,111,123,13,123,133,17,133,151,20,151,158,11,158,170,15,170,181,14,181,188,12,188,197,11,197,203,11,203,210,10,210,217,12,217,226,9,226,231,7,,,,,,,,,,,,,,,,,,,,,,,,,,,
144,1,75,76,9,76,79,12,79,83,10,83,86,11,86,94,19,94,107,22,107,114,12,114,122,12,122,129,11,129,131,13,131,141,11,141,145,9,145,161,21,161,164,12,164,171,17,171,180,13,180,184,6,,,,,,,,,,,,,,,,,,,,,,,,,,,,,,,,,,,,
145,1,23,30,13,30,39,14,39,46,16,46,52,10,52,58,11,58,61,12,61,71,14,71,79,10,79,88,10,88,95,10,95,98,10,98,104,14,104,118,21,118,127,11,127,131,10,131,135,12,135,143,10,143,146,11,146,151,14,,,,,,,,,,,,,,,,,,,,,,,,,,,,,,
146,2,30,44,20,44,53,15,53,57,13,57,65,13,65,77,17,77,80,14,80,85,13,85,88,15,88,92,14,92,104,14,104,116,14,116,121,9,121,125,17,125,134,14,134,143,13,143,151,15,151,161,13,161,165,17,165,177,17,177,177,12,177,182,14,182,185,12,,,,,,,,,,,,,,,,,,,,,
147,1,85,85,7,85,87,6,87,101,14,101,111,12,111,110,0,110,114,6,114,127,13,127,134,15,134,136,9,136,148,16,148,154,15,154,167,18,167,185,22,185,199,19,199,211,18,211,217,7,,,,,,,,,,,,,,,,,,,,,,,,,,,,,,,,,,,,,,,
148,2,17,24,13,24,28,12,28,35,14,35,43,13,43,62,27,62,74,18,74,84,16,84,93,15,93,99,11,99,104,5,104,119,16,119,117,0,117,128,22,128,135,11,135,139,11,139,146,13,,,,,,,,,,,,,,,,,,,,,,,,,,,,,,,,,,,,,,,
149,2,76,83,12,83,87,9,87,92,10,92,101,12,101,107,13,107,116,17,116,126,17,126,139,15,139,152,20,152,160,12,160,166,14,166,172,11,172,180,11,180,195,19,195,201,11,,,,,,,,,,,,,,,,,,,,,,,,,,,,,,,,,,,,,,,,,,
150,1,102,109,12,109,112,12,112,120,13,120,133,15,133,138,14,138,145,13,145,161,20,161,168,12,168,181,17,181,193,15,193,201,10,201,209,11,209,219,12,219,227,14,,,,,,,,,,,,,,,,,,,,,,,,,,,,,,,,,,,,,,,,,,,,,
151,2,40,46,13,46,53,12,53,63,12,63,75,12,75,82,9,82,85,12,85,96,15,96,105,14,105,116,14,116,126,16,126,129,15,129,142,16,,,,,,,,,,,,,,,,,,,,,,,,,,,,,,,,,,,,,,,,,,,,,,,,,,,
152,2,18,28,16,28,34,14,34,44,12,44,54,14,54,64,14,64,69,13,69,79,16,79,90,14,90,95,12,95,104,14,104,109,10,109,122,13,122,134,14,134,137,6,137,146,11,146,154,14,,,,,,,,,,,,,,,,,,,,,,,,,,,,,,,,,,,,,,,
153,1,27,32,13,32,40,15,40,52,16,52,63,13,63,65,11,65,71,17,71,79,15,79,83,13,83,94,15,94,105,14,105,117,14,117,127,11,127,136,11,136,151,16,151,153,11,153,159,12,159,166,12,166,167,12,,,,,,,,,,,,,,,,,,,,,,,,,,,,,,,,,
154,1,20,29,14,29,33,20,33,43,12,43,50,14,50,67,21,67,79,12,79,78,8,78,80,18,80,82,16,82,91,11,91,97,13,97,107,11,107,107,13,,,,,,,,,,,,,,,,,,,,,,,,,,,,,,,,,,,,,,,,,,,,,,,,
155,1,74,76,12,76,89,15,89,97,10,97,100,3,100,102,4,102,101,0,101,109,14,109,119,13,119,126,13,126,138,13,138,144,6,144,147,3,147,157,12,157,167,12,,,,,,,,,,,,,,,,,,,,,,,,,,,,,,,,,,,,,,,,,,,,,
156,2,26,35,12,35,43,16,43,55,15,55,62,11,62,68,10,68,78,12,78,83,12,83,93,16,93,102,10,102,112,11,112,126,15,126,133,11,133,140,12,140,147,10,147,152,13,152,159,14,159,164,12,164,166,10,166,169,10,169,174,12,174,178,10,178,186,10,,,,,,,,,,,,,,,,,,,,,
157,2,17,30,38,30,33,19,33,47,21,47,57,22,57,66,13,66,80,21,80,90,11,90,96,13,96,109,13,109,125,16,125,130,8,130,141,13,141,152,13,152,161,11,161,169,11,169,179,12,179,185,10,185,197,12,197,202,7,,,,,,,,,,,,,,,,,,,,,,,,,,,,,,
158,1,17,35,14,35,46,12,46,56,11,56,65,11,65,73,13,73,82,11,82,87,10,87,104,19,104,117,13,117,127,11,127,131,12,131,142,12,142,152,15,152,161,13,161,168,10,168,178,11,178,189,16,189,197,12,197,205,13,205,214,9,,,,,,,,,,,,,,,,,,,,,,,,,,,
159,1,8,15,12,15,22,10,22,29,12,29,35,12,35,40,11,40,45,13,45,58,15,58,63,10,63,65,13,65,74,12,74,83,10,83,92,11,92,95,11,95,106,12,106,118,12,118,126,10,126,132,9,132,140,13,140,144,11,144,153,11,,,,,,,,,,,,,,,,,,,,,,,,,,,
160,2,22,27,9,27,37,13,37,42,13,42,50,14,50,59,13,59,67,15,67,74,12,74,82,14,82,91,12,91,98,12,98,115,25,115,122,13,122,131,13,131,141,12,,,,,,,,,,,,,,,,,,,,,,,,,,,,,,,,,,,,,,,,,,,,,
161,2,22,25,11,25,31,11,31,40,15,40,44,10,44,45,10,45,48,10,48,53,11,53,57,10,57,62,10,62,63,10,63,69,10,69,78,10,78,88,12,88,98,13,98,106,8,106,110,14,110,118,10,118,120,11,120,123,10,123,126,8,126,133,9,133,137,6,,,,,,,,,,,,,,,,,,,,,
162,1,48,55,14,55,67,14,67,79,13,79,86,8,86,95,14,95,93,6,93,102,11,102,104,9,104,115,14,115,119,15,119,130,13,130,137,11,137,140,13,140,149,13,149,154,18,154,160,12,160,163,11,,,,,,,,,,,,,,,,,,,,,,,,,,,,,,,,,,,,
163,2,25,28,10,28,35,12,35,41,14,41,49,16,49,55,8,55,57,15,57,66,13,66,73,14,73,79,12,79,91,14,91,96,11,96,102,12,102,111,10,111,123,15,123,128,13,,,,,,,,,,,,,,,,,,,,,,,,,,,,,,,,,,,,,,,,,,
164,2,23,31,11,31,33,10,33,40,10,40,42,10,42,48,10,48,59,16,59,64,10,64,70,10,70,77,13,77,89,16,89,91,10,91,102,17,102,107,8,107,110,10,110,119,11,119,125,10,125,134,10,134,132,6,,,,,,,,,,,,,,,,,,,,,,,,,,,,,,,,,
165,1,64,81,22,81,87,13,87,89,14,89,98,15,98,103,10,103,110,17,110,116,12,116,125,15,125,132,12,132,143,16,143,147,15,147,157,25,157,166,16,166,168,14,168,182,16,182,187,12,187,192,17,192,196,13,196,205,13,205,213,10,213,220,14,220,229,12,,,,,,,,,,,,,,,,,,,,,
166,2,11,20,17,20,24,10,24,30,9,30,35,11,35,46,15,46,59,18,59,62,10,62,64,6,64,70,9,70,80,11,80,85,8,85,89,6,89,93,16,93,98,10,,,,,,,,,,,,,,,,,,,,,,,,,,,,,,,,,,,,,,,,,,,,,
167,1,10,15,17,15,19,12,19,29,15,29,31,14,31,36,12,36,48,13,48,49,14,49,57,12,57,73,19,73,71,9,71,90,21,90,87,14,87,100,18,100,105,8,105,104,4,104,103,8,,,,,,,,,,,,,,,,,,,,,,,,,,,,,,,,,,,,,,,
168,2,70,75,11,75,82,12,82,92,13,92,97,8,97,99,6,99,107,14,107,120,16,120,121,12,121,129,14,129,143,15,143,158,17,158,164,10,164,178,16,178,188,15,188,192,9,192,195,11,195,208,14,,,,,,,,,,,,,,,,,,,,,,,,,,,,,,,,,,,,
169,1,44,54,11,54,62,13,62,70,10,70,75,10,75,80,10,80,86,10,86,96,10,96,105,13,105,111,10,111,119,12,119,127,10,127,136,14,,,,,,,,,,,,,,,,,,,,,,,,,,,,,,,,,,,,,,,,,,,,,,,,,,,
170,1,56,64,14,64,69,15,69,78,13,78,81,9,81,83,9,83,91,20,91,100,13,100,108,14,108,110,12,110,113,8,113,125,15,125,128,9,128,132,15,132,144,17,144,159,20,159,164,9,164,168,15,168,177,15,177,198,26,198,209,14,209,216,8,216,221,17,,,,,,,,,,,,,,,,,,,,,
171,1,11,17,10,17,21,12,21,35,20,35,51,18,51,58,16,58,69,15,69,82,16,82,83,8,83,85,21,85,89,11,89,99,13,99,103,10,103,113,10,113,122,15,,,,,,,,,,,,,,,,,,,,,,,,,,,,,,,,,,,,,,,,,,,,,
172,2,35,40,11,40,48,13,48,56,13,56,61,12,61,68,7,68,75,13,75,80,11,80,88,17,88,92,10,92,103,17,103,109,10,,,,,,,,,,,,,,,,,,,,,,,,,,,,,,,,,,,,,,,,,,,,,,,,,,,,,,
173,2,65,75,13,75,84,13,84,85,10,85,98,14,98,110,13,110,124,15,124,135,13,135,140,6,140,156,20,156,170,14,170,185,17,185,198,15,198,209,13,209,211,4,211,224,15,,,,,,,,,,,,,,,,,,,,,,,,,,,,,,,,,,,,,,,,,,
174,1,34,40,15,40,51,17,51,63,18,63,67,14,67,71,10,71,81,12,81,83,14,83,89,11,89,98,10,98,111,14,111,120,14,120,128,13,128,135,14,135,142,8,142,146,6,146,153,11,153,156,10,156,164,13,164,166,14,166,175,11,175,182,12,182,190,13,190,197,11,197,201,12,201,205,13,205,209,10,209,216,16,,,,,,
175,2,17,20,20,20,30,20,30,40,14,40,50,17,50,57,14,57,69,16,69,74,14,74,80,14,80,85,14,85,97,14,97,102,12,102,103,9,103,110,13,110,119,13,119,134,18,134,149,16,149,156,15,156,165,12,165,176,14,176,177,10,177,182,12,182,180,6,180,187,12,187,191,14,,,,,,,,,,,,,,,
176,1,66,73,11,73,83,13,83,92,12,92,102,12,102,111,15,111,121,12,121,130,11,130,143,14,143,154,12,154,159,15,159,167,11,167,178,14,178,190,12,190,189,4,189,195,11,,,,,,,,,,,,,,,,,,,,,,,,,,,,,,,,,,,,,,,,,,
177,1,10,9,13,9,14,14,14,22,17,22,28,12,28,30,13,30,37,9,37,55,20,55,60,14,60,60,13,60,67,15,67,68,10,68,70,16,70,75,20,75,77,10,77,84,14,84,85,8,85,87,10,87,101,16,101,102,5,,,,,,,,,,,,,,,,,,,,,,,,,,,,,,
178,1,55,59,13,59,62,11,62,66,10,66,76,11,76,82,10,82,90,10,90,94,11,94,104,17,104,108,9,108,118,13,118,139,22,139,144,5,144,163,16,153,163,13,163,170,15,170,180,10,180,185,14,185,193,8,193,212,22,212,219,11,,,,,,,,,,,,,,,,,,,,,,,,,,,
179,1,34,44,13,44,51,13,51,57,13,57,62,13,62,73,16,73,77,14,77,82,14,82,90,15,90,101,20,101,108,18,108,116,18,116,124,14,124,127,13,127,132,9,132,139,13,139,150,18,,,,,,,,,,,,,,,,,,,,,,,,,,,,,,,,,,,,,,,
180,1,80,83,14,83,89,16,89,93,14,93,103,14,103,103,12,103,109,10,109,117,14,117,129,15,129,138,14,138,146,20,146,150,16,150,154,18,154,158,12,158,160,13,160,168,13,168,170,10,170,173,11,,,,,,,,,,,,,,,,,,,,,,,,,,,,,,,,,,,,
181,2,30,35,10,35,42,11,42,55,18,55,59,10,59,68,11,68,72,10,72,77,10,77,83,11,83,91,10,91,106,18,106,107,4,107,116,11,116,126,10,126,136,11,136,138,4,138,145,11,,,,,,,,,,,,,,,,,,,,,,,,,,,,,,,,,,,,,,,
182,2,89,98,12,98,112,20,112,120,12,120,123,5,123,125,12,125,134,14,134,143,12,143,150,12,150,153,11,153,158,11,158,163,13,163,169,10,169,180,12,180,189,10,189,197,9,197,203,7,203,212,13,221,214,8,214,225,13,225,228,8,228,226,5,,,,,,,,,,,,,,,,,,,,,,,,
183,1,65,74,13,74,82,9,82,88,10,88,95,10,95,105,10,105,113,9,113,120,7,120,134,16,134,143,10,143,151,14,151,164,17,,,,,,,,,,,,,,,,,,,,,,,,,,,,,,,,,,,,,,,,,,,,,,,,,,,,,,
184,2,23,33,11,33,40,11,40,52,15,52,59,12,59,66,16,66,72,10,72,85,17,85,95,20,95,105,17,105,109,10,109,109,14,109,119,14,119,117,11,117,126,13,126,134,13,134,139,13,139,146,12,146,153,15,153,157,7,,,,,,,,,,,,,,,,,,,,,,,,,,,,,,
185,1,102,115,13,115,120,11,120,145,33,145,149,10,149,167,23,167,180,15,180,183,13,183,195,13,195,205,16,205,214,15,,,,,,,,,,,,,,,,,,,,,,,,,,,,,,,,,,,,,,,,,,,,,,,,,,,,,,,,,
186,1,37,45,15,45,49,15,49,59,17,59,68,17,68,77,13,77,86,12,86,97,13,97,110,15,110,119,14,119,137,21,137,147,16,147,159,15,159,166,8,166,175,13,175,185,13,185,192,11,192,202,11,202,202,10,202,211,10,211,220,11,220,227,9,,,,,,,,,,,,,,,,,,,,,,,,
187,1,38,45,11,45,51,13,51,59,11,59,66,10,66,69,11,69,74,11,74,77,10,77,78,10,78,87,12,87,98,13,98,104,11,104,112,10,112,122,15,122,132,11,132,140,8,140,148,11,148,152,12,152,165,16,165,167,10,167,171,10,,,,,,,,,,,,,,,,,,,,,,,,,,,
188,1,76,81,14,81,91,15,91,96,10,96,108,15,108,110,11,110,122,17,122,133,18,133,139,14,139,148,14,148,154,14,154,154,13,154,166,13,166,179,17,179,185,8,185,193,10,,,,,,,,,,,,,,,,,,,,,,,,,,,,,,,,,,,,,,,,,,
189,1,60,66,11,66,75,11,75,86,13,86,96,10,96,98,10,98,102,8,102,105,9,105,108,9,108,118,13,118,118,11,118,124,6,124,126,11,126,133,12,133,138,8,138,145,7,145,149,9,149,155,10,155,168,15,168,171,8,171,176,7,176,182,9,182,186,14,186,191,9,191,202,14,202,212,16,,,,,,,,,,,,
190,2,35,57,16,57,64,12,64,77,14,77,84,10,84,91,11,91,98,12,98,104,11,104,114,19,114,118,11,118,124,21,124,131,28,131,138,13,138,149,18,149,163,31,163,171,12,171,179,16,179,186,11,186,196,14,196,208,18,,,,,,,,,,,,,,,,,,,,,,,,,,,,,,
191,2,29,37,11,37,54,19,54,64,12,54,76,14,76,88,15,88,94,16,94,106,12,106,115,11,115,125,23,125,138,10,138,150,12,150,157,7,157,166,13,,,,,,,,,,,,,,,,,,,,,,,,,,,,,,,,,,,,,,,,,,,,,,,,
192,1,10,18,15,18,33,16,33,43,12,43,53,13,53,65,14,65,77,16,77,88,12,88,89,3,89,90,12,90,93,13,93,104,14,104,109,16,109,105,3,105,105,10,105,113,18,113,115,17,115,118,14,118,117,15,,,,,,,,,,,,,,,,,,,,,,,,,,,,,,,,,
193,1,14,18,14,18,20,10,20,25,10,25,26,10,26,33,13,33,36,10,36,39,11,39,41,15,41,46,14,46,52,10,52,53,18,53,57,10,57,61,12,61,66,10,66,68,10,68,72,12,72,73,12,73,76,11,76,77,11,77,79,14,79,80,10,80,89,14,89,96,15,96,103,13,103,109,14,109,109,8,,,,,,,,,
194,2,60,70,12,70,75,10,75,85,9,85,97,15,97,105,7,105,109,11,109,121,17,121,124,12,124,133,12,133,137,13,137,141,7,141,152,12,152,162,11,162,167,6,167,178,13,178,188,13,188,191,9,191,199,10,199,210,12,210,223,16,,,,,,,,,,,,,,,,,,,,,,,,,,,
195,1,32,39,12,39,48,14,48,54,13,54,59,13,59,68,14,68,75,13,75,82,14,82,87,12,87,92,11,92,98,8,98,99,13,99,106,14,106,119,16,119,125,10,125,131,16,131,138,13,138,139,12,139,149,14,,,,,,,,,,,,,,,,,,,,,,,,,,,,,,,,,
196,1,36,42,10,42,45,15,45,51,13,51,62,13,62,64,7,64,80,17,80,86,10,86,91,10,91,93,11,93,108,15,108,106,7,106,116,11,116,124,10,124,137,15,137,145,10,145,157,11,157,164,7,,,,,,,,,,,,,,,,,,,,,,,,,,,,,,,,,,,,
197,2,23,35,26,35,39,10,39,44,12,44,47,11,47,53,11,53,58,13,58,64,10,64,68,10,68,69,7,69,76,12,76,85,12,85,90,11,90,98,11,98,105,10,105,108,8,108,119,13,119,129,11,129,135,11,135,143,10,,,,,,,,,,,,,,,,,,,,,,,,,,,,,,
198,1,31,43,13,43,50,13,50,56,12,56,63,12,63,69,12,69,76,12,76,88,12,88,92,9,92,101,16,101,110,19,110,118,12,118,126,13,126,136,14,136,147,16,147,156,16,,,,,,,,,,,,,,,,,,,,,,,,,,,,,,,,,,,,,,,,,,
199,2,44,63,19,63,73,13,73,86,18,86,98,14,98,106,13,106,115,16,115,112,0,112,127,15,127,138,13,138,141,10,141,154,16,154,160,8,160,172,12,172,179,13,179,185,14,185,191,9,191,197,7,197,203,6,203,209,10,209,221,12,,,,,,,,,,,,,,,,,,,,,,,,,,,
200,2,10,12,12,12,18,8,18,23,13,23,30,13,30,37,9,37,47,14,47,49,0,49,60,13,60,65,11,65,75,13,75,77,6,77,81,9,81,85,5,85,89,7,89,98,15,98,106,8,106,110,6,110,110,10,110,118,12,118,125,10,125,130,7,130,131,4,,,,,,,,,,,,,,,,,,,,,
201,1,15,23,14,23,28,12,28,31,12,31,41,12,41,52,13,52,62,14,62,68,9,68,80,14,80,91,17,91,105,14,105,106,7,106,113,13,113,122,13,122,132,13,132,136,8,136,140,15,,,,,,,,,,,,,,,,,,,,,,,,,,,,,,,,,,,,,,,
202,2,8,15,12,15,20,6,20,27,15,27,42,23,42,52,17,52,61,13,61,65,6,65,68,9,68,72,7,72,73,8,73,86,20,86,88,7,88,91,10,91,91,5,,,,,,,,,,,,,,,,,,,,,,,,,,,,,,,,,,,,,,,,,,,,,
203,1,37,59,15,59,67,10,67,75,10,75,87,12,87,97,10,97,107,16,107,115,13,115,125,11,125,138,16,138,147,11,147,161,17,,,,,,,,,,,,,,,,,,,,,,,,,,,,,,,,,,,,,,,,,,,,,,,,,,,,,,
204,1,61,76,17,76,82,10,82,89,10,89,95,10,95,104,11,104,112,14,112,120,12,120,126,18,126,133,12,133,135,10,135,139,8,139,142,8,142,151,12,151,161,14,161,173,17,173,181,12,181,188,10,188,196,14,196,206,13,206,211,13,211,224,14,,,,,,,,,,,,,,,,,,,,,,,,
205,1,41,48,14,48,56,12,56,61,7,61,68,12,68,77,10,77,89,13,89,101,13,101,108,9,108,120,12,120,125,11,125,127,14,127,137,14,137,146,10,146,153,11,153,158,11,158,168,12,168,174,11,,,,,,,,,,,,,,,,,,,,,,,,,,,,,,,,,,,,
206,2,33,43,12,43,54,11,54,62,9,62,72,11,72,74,5,74,80,11,80,86,12,86,90,6,90,101,14,101,105,8,105,111,13,111,119,13,119,129,12,129,137,12,137,148,12,,,,,,,,,,,,,,,,,,,,,,,,,,,,,,,,,,,,,,,,,,
207,2,64,78,17,78,87,14,87,95,10,95,100,9,100,109,13,109,117,11,117,130,18,130,139,14,139,150,15,150,165,21,165,167,12,167,174,10,174,183,13,183,190,7,190,194,10,194,204,10,204,208,4,208,219,12,219,231,14,,,,,,,,,,,,,,,,,,,,,,,,,,,,,,
208,2,70,77,11,77,84,11,84,88,9,88,94,13,94,100,10,100,108,10,108,116,11,116,128,13,128,138,10,138,141,5,141,150,10,150,157,13,157,164,14,164,174,13,174,186,15,186,194,13,194,197,10,197,205,20,,,,,,,,,,,,,,,,,,,,,,,,,,,,,,,,,
209,1,42,57,19,57,66,11,66,74,10,74,83,15,83,98,16,98,105,14,105,116,12,116,141,26,141,144,10,144,151,9,151,165,18,165,169,12,169,181,14,181,188,10,188,193,7,193,202,10,202,212,13,,,,,,,,,,,,,,,,,,,,,,,,,,,,,,,,,,,,
210,1,30,39,13,39,45,12,45,51,12,51,54,8,54,58,12,58,62,12,62,65,9,65,67,8,67,71,8,71,78,11,78,83,11,83,87,12,87,94,14,,,,,,,,,,,,,,,,,,,,,,,,,,,,,,,,,,,,,,,,,,,,,,,,
211,1,36,47,12,47,55,10,55,65,13,65,72,10,72,79,12,79,85,10,85,93,10,93,101,10,101,114,14,114,122,12,122,130,10,130,139,13,139,148,15,148,153,11,153,158,10,158,168,9,168,174,10,,,,,,,,,,,,,,,,,,,,,,,,,,,,,,,,,,,,
212,2,12,14,10,14,14,11,14,14,0,14,20,12,20,25,14,25,31,11,31,37,10,37,36,7,36,43,13,43,42,7,42,45,11,45,54,10,54,56,10,56,58,2,58,59,9,,,,,,,,,,,,,,,,,,,,,,,,,,,,,,,,,,,,,,,,,,
213,2,25,30,12,30,37,11,37,45,12,45,54,13,54,65,15,65,73,15,73,84,12,84,93,12,93,96,12,96,109,14,109,106,2,,,,,,,,,,,,,,,,,,,,,,,,,,,,,,,,,,,,,,,,,,,,,,,,,,,,,,
214,1,112,122,12,122,130,11,130,141,12,141,152,12,152,160,7,160,168,7,168,176,10,176,183,9,183,193,11,193,203,11,203,220,17,220,230,13,,,,,,,,,,,,,,,,,,,,,,,,,,,,,,,,,,,,,,,,,,,,,,,,,,,
215,2,6,7,13,7,12,10,12,19,13,19,40,38,40,39,15,39,47,17,47,48,15,48,57,15,57,77,23,77,81,21,81,84,20,84,94,14,94,106,17,106,110,12,110,37,11,37,47,15,47,48,22,48,51,16,51,59,26,59,63,18,63,73,20,73,73,15,73,75,13,75,83,17,83,91,12,91,96,13,96,100,13,100,111,14,111,118,11
216,2,25,28,10,28,36,14,36,40,12,40,47,13,47,58,18,58,67,18,67,74,14,74,85,20,85,92,21,92,106,16,106,111,9,111,116,13,116,121,12,121,128,12,128,137,9,137,147,11,147,159,17,,,,,,,,,,,,,,,,,,,,,,,,,,,,,,,,,,,,
217,1,45,57,15,57,64,9,64,70,10,70,72,10,72,74,10,74,79,10,79,84,11,84,89,10,89,98,10,98,108,15,108,117,10,117,122,10,122,132,11,132,141,10,,,,,,,,,,,,,,,,,,,,,,,,,,,,,,,,,,,,,,,,,,,,,
218,1,11,17,16,17,23,14,23,37,17,37,43,14,43,46,12,46,53,13,53,55,10,55,56,4,56,62,10,62,73,13,73,77,12,77,83,11,83,97,15,97,96,10,96,105,8,105,103,4,103,113,15,113,131,19,131,132,3,132,135,13,,,,,,,,,,,,,,,,,,,,,,,,,,,
219,1,43,55,16,55,66,15,66,77,14,77,85,13,85,85,9,85,91,12,91,97,8,97,100,8,100,110,12,110,117,10,117,123,11,123,130,10,130,140,13,140,150,11,150,156,9,156,162,10,162,168,11,168,181,15,181,183,15,183,188,9,188,191,8,191,198,10,198,205,13,,,,,,,,,,,,,,,,,,
220,2,27,48,11,48,53,7,53,63,12,63,74,10,74,79,10,79,85,9,85,90,10,90,94,9,94,101,9,101,109,12,109,119,10,119,131,12,131,141,12,141,149,10,149,158,13,158,163,10,163,171,10,171,175,9,175,182,10,182,189,13,189,192,8,,,,,,,,,,,,,,,,,,,,,,,,
221,2,68,79,24,79,86,11,86,93,12,93,100,11,100,110,14,110,116,11,116,119,10,119,124,10,124,126,10,126,137,12,137,140,5,140,151,12,151,158,12,158,162,18,162,176,15,176,192,28,192,202,12,202,207,13,,,,,,,,,,,,,,,,,,,,,,,,,,,,,,,,,
222,1,44,57,15,57,66,15,66,77,13,77,86,10,86,99,13,99,106,11,106,119,14,119,126,13,126,141,15,141,152,13,152,164,14,164,168,5,168,184,17,184,191,12,191,200,10,200,211,11,,,,,,,,,,,,,,,,,,,,,,,,,,,,,,,,,,,,,,,
223,1,45,36,14,36,46,11,46,56,14,56,65,12,65,82,17,82,88,9,88,98,16,98,102,11,102,108,15,108,118,17,118,123,12,123,134,16,134,139,11,139,144,11,144,153,13,153,156,10,,,,,,,,,,,,,,,,,,,,,,,,,,,,,,,,,,,,,,,
224,1,39,46,12,46,59,14,56,64,12,64,72,11,72,81,15,81,87,10,87,91,12,91,101,10,101,105,7,105,111,11,111,118,10,118,122,10,122,127,10,127,136,10,136,143,10,143,149,7,149,156,10,156,160,7,,,,,,,,,,,,,,,,,,,,,,,,,,,,,,,,,
225,1,19,22,18,22,24,21,24,29,37,29,39,41,39,41,15,41,45,8,45,50,10,50,56,11,56,56,14,56,57,8,57,67,11,67,82,18,82,88,11,88,97,11,97,108,11,108,114,13,114,124,10,,,,,,,,,,,,,,,,,,,,,,,,,,,,,,,,,,,,
226,2,56,61,12,61,71,14,71,81,12,81,86,9,86,90,9,90,97,13,97,103,12,103,105,8,105,112,13,112,126,14,126,133,12,133,137,6,137,145,13,145,155,11,155,162,10,162,167,8,167,178,13,178,183,19,,,,,,,,,,,,,,,,,,,,,,,,,,,,,,,,,
227,1,58,66,17,66,80,23,80,90,14,90,96,15,96,110,19,110,121,13,121,127,9,127,133,10,133,140,8,140,143,4,143,154,14,154,164,29,164,183,21,183,188,12,188,195,13,195,203,16,203,217,15,217,223,8,,,,,,,,,,,,,,,,,,,,,,,,,,,,,,,,,
228,1,33,44,15,44,54,13,54,66,15,66,71,10,71,77,11,77,87,14,87,92,12,92,98,15,98,102,12,102,110,14,110,118,14,118,123,12,123,128,12,128,133,9,133,143,10,143,150,12,150,154,10,154,165,14,,,,,,,,,,,,,,,,,,,,,,,,,,,,,,,,,
229,1,44,55,14,55,62,12,62,70,12,70,74,12,74,82,13,82,88,8,88,88,7,88,96,21,96,104,11,104,110,12,110,116,12,116,129,16,129,139,12,139,146,18,146,154,14,,,,,,,,,,,,,,,,,,,,,,,,,,,,,,,,,,,,,,,,,,
230,2,101,112,15,112,115,13,115,122,12,122,131,13,131,141,12,141,150,12,150,155,9,155,164,12,164,171,13,171,176,8,176,179,7,179,187,12,187,192,14,192,201,11,201,212,13,212,214,7,,,,,,,,,,,,,,,,,,,,,,,,,,,,,,,,,,,,,,,
231,2,13,22,13,22,30,15,30,40,12,40,51,16,51,59,12,59,67,20,67,75,15,75,84,13,84,105,21,105,118,13,118,133,16,133,134,4,134,142,10,142,156,16,156,170,14,170,176,9,176,185,14,185,192,13,192,198,10,198,205,11,205,209,6,209,214,12,214,229,15,,,,,,,,,,,,,,,,,,
232,2,34,41,13,41,52,16,52,60,12,60,62,12,62,71,14,71,82,12,82,90,13,90,99,19,99,110,11,110,117,12,117,133,20,,,,,,,,,,,,,,,,,,,,,,,,,,,,,,,,,,,,,,,,,,,,,,,,,,,,,,
233,1,55,63,12,63,67,12,67,72,12,72,75,13,75,81,12,81,86,13,86,92,13,92,96,13,96,104,12,104,113,18,113,120,14,120,125,16,125,133,13,133,144,18,144,152,12,152,152,8,152,159,13,159,161,7,161,167,14,,,,,,,,,,,,,,,,,,,,,,,,,,,,,,
234,1,83,98,17,98,106,10,106,115,11,115,121,5,121,141,20,141,150,12,150,160,10,160,165,8,165,175,10,175,182,5,182,191,12,191,201,10,201,205,5,205,211,7,211,221,12,221,231,12,,,,,,,,,,,,,,,,,,,,,,,,,,,,,,,,,,,,,,,
235,1,35,44,15,44,45,17,45,54,42,54,62,12,62,66,26,66,76,13,76,87,14,87,92,12,92,97,13,97,100,10,100,104,4,104,108,7,108,123,16,123,128,11,128,135,14,135,141,13,141,146,15,146,153,16,153,163,17,,,,,,,,,,,,,,,,,,,,,,,,,,,,,,
236,2,30,38,13,38,42,8,42,50,12,50,55,12,55,66,13,66,70,12,70,79,13,79,85,8,85,86,7,86,96,13,96,107,12,107,111,4,111,120,12,120,129,11,129,136,11,136,145,12,,,,,,,,,,,,,,,,,,,,,,,,,,,,,,,,,,,,,,,
237,1,92,107,10,107,119,13,119,137,22,137,147,13,147,156,13,156,165,20,165,193,32,193,201,11,201,222,32,,,,,,,,,,,,,,,,,,,,,,,,,,,,,,,,,,,,,,,,,,,,,,,,,,,,,,,,,,,,
238,2,57,60,13,60,68,13,68,74,13,74,82,14,82,88,14,88,95,14,95,108,17,108,117,11,117,128,13,128,132,16,132,137,8,137,148,21,148,154,17,,,,,,,,,,,,,,,,,,,,,,,,,,,,,,,,,,,,,,,,,,,,,,,,
239,1,34,39,10,39,42,12,42,56,14,56,64,10,64,73,10,73,82,11,82,89,10,89,93,10,93,102,15,102,108,12,108,118,10,118,119,9,119,129,12,129,138,13,138,144,10,144,149,10,149,156,14,156,161,9,,,,,,,,,,,,,,,,,,,,,,,,,,,,,,,,,
240,1,159,167,10,167,175,11,175,184,10,184,188,11,188,204,20,204,216,18,216,227,13,,,,,,,,,,,,,,,,,,,,,,,,,,,,,,,,,,,,,,,,,,,,,,,,,,,,,,,,,,,,,,,,,,
241,1,43,56,15,56,65,15,65,72,13,72,82,14,82,86,12,86,91,11,91,93,12,93,98,12,98,108,11,108,117,13,117,124,12,124,130,13,130,136,10,136,147,12,147,160,14,160,162,3,162,170,12,,,,,,,,,,,,,,,,,,,,,,,,,,,,,,,,,,,,
242,2,17,20,10,20,26,11,26,34,12,34,39,10,39,44,10,44,58,20,58,65,12,65,75,12,75,83,10,83,90,12,90,97,16,97,98,8,98,103,10,,,,,,,,,,,,,,,,,,,,,,,,,,,,,,,,,,,,,,,,,,,,,,,,
243,2,10,18,25,18,25,13,25,30,13,30,36,16,36,40,17,40,50,18,50,60,17,60,66,13,66,77,13,77,82,9,82,85,5,85,89,12,89,94,12,94,95,11,95,102,8,102,109,11,109,116,13,116,122,10,122,125,8,125,135,11,135,138,10,138,148,12,148,155,15,155,165,12,165,167,7,,,,,,,,,,,,
244,2,65,66,11,66,74,13,74,82,11,82,85,10,85,89,10,89,93,10,93,104,18,104,114,18,114,123,11,123,128,10,128,135,13,135,144,11,144,154,22,154,164,17,164,168,12,168,171,16,171,172,10,172,175,11,175,177,11,,,,,,,,,,,,,,,,,,,,,,,,,,,,,,
245,2,65,66,8,66,73,12,73,81,13,81,87,18,87,91,12,91,100,12,100,107,10,107,121,18,121,138,22,138,143,13,143,155,13,155,158,11,158,166,12,166,176,14,176,185,11,,,,,,,,,,,,,,,,,,,,,,,,,,,,,,,,,,,,,,,,,,
246,2,32,39,12,39,45,14,45,49,12,49,60,16,60,70,12,70,74,8,74,79,12,79,83,10,83,86,13,86,90,22,90,92,14,92,95,12,95,98,12,98,102,12,102,110,16,110,118,16,,,,,,,,,,,,,,,,,,,,,,,,,,,,,,,,,,,,,,,
247,1,52,65,20,65,77,14,77,84,15,84,91,14,91,103,14,103,111,17,111,119,12,119,126,13,126,129,12,129,134,13,134,140,20,140,148,11,148,151,9,151,163,29,163,172,12,172,179,11,179,182,14,182,191,14,191,201,13,201,196,2,196,199,8,199,204,16,204,207,14,207,213,11,213,215,7,,,,,,,,,,,,
248,2,65,70,11,70,73,12,73,87,21,87,95,11,95,103,17,103,119,18,119,128,12,128,127,12,127,135,10,135,140,17,140,151,11,151,158,15,158,179,22,179,199,24,199,219,32,,,,,,,,,,,,,,,,,,,,,,,,,,,,,,,,,,,,,,,,,,
249,2,79,95,17,95,103,10,103,112,11,112,119,7,119,130,13,130,136,6,136,146,13,146,158,12,158,167,15,167,178,12,178,185,10,185,193,13,193,197,11,197,207,11,207,206,5,206,220,16,,,,,,,,,,,,,,,,,,,,,,,,,,,,,,,,,,,,,,,
250,2,14,25,21,25,35,18,35,43,13,43,51,11,51,58,17,58,68,19,68,75,14,75,86,12,86,88,17,88,99,12,99,98,12,98,98,12,98,100,23,100,109,10,109,118,10,118,126,9,126,133,9,133,141,9,141,148,9,148,153,10,153,159,10,159,162,7,162,165,9,165,170,9,170,171,9,171,176,10,176,179,14,179,186,9,186,194,8
251,1,31,40,10,40,49,13,49,57,13,57,66,11,66,71,8,71,78,11,78,81,10,81,84,14,84,95,11,95,100,13,100,105,11,105,110,10,110,112,11,112,116,11,116,127,15,127,130,12,130,137,13,,,,,,,,,,,,,,,,,,,,,,,,,,,,,,,,,,,,
252,1,11,17,20,17,27,20,27,31,17,31,39,15,39,48,15,48,53,18,53,53,15,53,54,14,64,68,16,68,82,16,82,89,13,89,97,12,97,104,8,104,113,11,113,117,9,117,121,15,121,133,13,133,135,8,135,138,9,138,142,10,142,152,20,152,151,3,151,155,10,,,,,,,,,,,,,,,,,,
253,2,44,74,27,74,86,14,86,97,13,97,105,12,105,109,10,109,115,15,115,130,15,130,139,15,139,149,12,149,156,14,156,164,13,164,172,15,172,185,15,185,191,12,191,198,12,198,203,8,203,211,11,211,225,15,,,,,,,,,,,,,,,,,,,,,,,,,,,,,,,,,
254,2,37,50,14,50,65,17,65,75,13,75,89,15,89,100,14,100,102,5,102,116,15,116,130,18,130,137,14,137,148,14,148,153,14,153,162,11,162,178,17,178,182,11,182,186,11,186,189,6,189,195,13,195,203,12,203,209,7,209,216,12,216,225,12,,,,,,,,,,,,,,,,,,,,,,,,
255,2,92,107,14,107,111,5,111,122,14,122,132,12,132,133,10,133,138,13,138,150,13,150,155,16,155,164,13,164,179,15,179,185,15,185,188,13,188,193,18,193,202,9,202,211,15,,,,,,,,,,,,,,,,,,,,,,,,,,,,,,,,,,,,,,,,,,
256,2,31,42,10,42,53,15,53,64,14,64,74,11,74,79,10,79,87,10,87,94,10,94,101,14,101,106,10,106,112,10,112,117,11,117,128,12,128,137,10,137,143,8,143,151,13,151,166,15,166,173,10,173,181,11,181,187,10,187,193,11,193,197,10,,,,,,,,,,,,,,,,,,,,,,,,
257,2,49,60,13,60,59,7,59,60,7,60,63,5,63,70,12,70,89,21,89,92,10,92,95,7,95,94,9,94,97,12,97,107,13,107,114,14,114,125,14,125,130,12,130,133,11,133,141,12,,,,,,,,,,,,,,,,,,,,,,,,,,,,,,,,,,,,,,,
258,2,91,94,12,94,105,13,105,114,13,114,118,5,118,125,13,125,134,11,134,138,10,138,144,11,144,147,9,147,155,10,155,161,12,161,171,14,171,181,13,181,181,11,181,192,12,192,200,10,200,202,6,,,,,,,,,,,,,,,,,,,,,,,,,,,,,,,,,,,,
259,2,42,55,14,55,67,15,67,75,11,75,85,12,85,95,14,95,105,15,105,113,12,113,118,9,118,129,11,129,140,13,140,147,11,147,155,13,155,165,13,165,177,12,177,181,8,181,183,15,183,193,10,,,,,,,,,,,,,,,,,,,,,,,,,,,,,,,,,,,,
260,2,81,89,13,89,94,12,94,103,14,103,106,12,106,118,15,118,126,13,126,132,12,132,141,12,141,151,12,151,158,12,158,163,9,163,172,13,172,185,16,185,186,6,186,201,16,201,203,5,203,215,17,,,,,,,,,,,,,,,,,,,,,,,,,,,,,,,,,,,,
261,1,85,93,13,93,105,14,105,114,16,114,116,8,116,121,14,121,128,12,128,143,16,143,154,14,154,163,12,163,173,16,173,177,17,177,186,12,186,190,10,,,,,,,,,,,,,,,,,,,,,,,,,,,,,,,,,,,,,,,,,,,,,,,,
262,2,26,38,17,38,48,13,48,59,14,59,69,14,69,79,13,79,89,12,89,96,10,96,107,13,107,115,13,115,128,13,128,138,11,138,145,12,145,154,11,154,158,9,158,166,12,166,170,11,170,177,13,177,186,12,,,,,,,,,,,,,,,,,,,,,,,,,,,,,,,,,
263,1,39,52,13,52,60,10,60,67,12,67,72,10,72,80,12,80,82,10,82,94,13,94,102,12,102,107,11,107,116,14,116,125,10,125,134,13,134,145,13,145,154,10,154,163,10,163,171,15,171,178,11,178,186,10,186,187,7,187,197,12,,,,,,,,,,,,,,,,,,,,,,,,,,,
264,2,26,35,13,35,42,13,42,49,13,49,56,16,56,60,14,60,61,13,61,73,18,73,80,14,80,91,18,91,95,15,95,100,14,100,110,19,110,122,20,122,136,14,136,147,12,147,157,12,157,169,15,169,177,13,177,184,14,184,189,13,189,193,19,,,,,,,,,,,,,,,,,,,,,,,,
265,2,65,74,17,74,81,15,81,88,15,88,96,16,96,112,23,112,124,16,124,131,14,131,143,27,143,165,28,165,174,13,174,185,14,185,193,17,193,195,13,195,206,16,206,224,22,,,,,,,,,,,,,,,,,,,,,,,,,,,,,,,,,,,,,,,,,,
